Named Entity,bin 1,bin 2,bin 3,bin 4,bin 5,bin 6,bin 7,bin 8,bin 9,bin 10 ,bin 11
 ' ',976,976,976,976,976,976,976,976,976,976,976
harold,0,0,0,0,0,1,0,0,0,0,0
#queen,0,0,0,0,1,0,0,2,0,0,0
tom hanks,0,0,0,0,0,0,0,0,0,0,4
phillip phillips,0,0,0,0,0,0,0,0,1,0,0
llcool j,0,0,0,0,1,0,0,0,1,0,0
johnathan,1,0,0,0,0,0,0,0,0,0,0
brian kennedy,0,0,0,0,0,0,0,0,0,0,1
levon,0,0,0,0,2,0,5,7,0,32,5
god bles,0,0,0,0,0,1,0,2,0,1,1
urban album,0,0,1,0,0,0,0,0,0,0,0
grammy stage,1,2,0,2,1,1,6,0,4,1,0
janelle monae,0,1,0,0,0,0,1,1,3,2,2
twittet,0,0,0,0,0,0,0,1,0,0,0
james franco,0,0,0,0,0,0,1,0,0,0,1
david grohl,0,0,2,0,0,0,0,0,0,0,0
chief keef,1,0,0,0,0,0,0,1,0,2,1
wheres nicki minaj,0,0,1,0,0,0,0,0,0,0,0
carter iii,0,0,0,0,0,0,0,0,0,1,0
god kaley cuoco,0,0,1,0,0,0,0,0,0,0,0
"wiz	wiz",0,0,0,0,0,0,0,0,0,0,0
tony bennett,0,0,0,0,0,0,0,0,0,1,0
van,2,4,0,2,8,4,0,3,5,2,6
source awards,0,0,0,0,1,0,0,0,0,0,0
mumford &amp; sons,7,3,1,1,2,4,2,1,2,9,10
jack whites,0,0,0,0,0,0,0,5,1,1,0
adel,5,9,16,13,8,13,15,9,3,7,96
c'mon jay,0,0,0,0,1,0,0,0,0,0,0
meek mills,0,0,0,0,0,0,1,0,0,0,0
nuno bettencourt,0,0,0,1,1,0,0,0,0,0,1
leeggoooooooo,0,0,0,0,1,0,0,0,0,0,0
yasss,0,0,0,1,0,0,0,0,0,1,0
sarah,0,0,0,0,1,0,0,1,0,1,1
perry,3,4,3,16,15,10,3,154,17,25,22
genius,2,0,2,0,0,1,3,1,1,0,0
allison williams,0,0,0,0,0,0,0,0,0,0,1
hayden,0,0,0,0,0,1,0,0,0,0,0
cj,0,1,0,0,1,1,0,1,0,0,0
bruce springsteen,0,0,3,1,0,0,0,1,0,0,1
robin williams,0,0,0,0,2,0,0,0,0,0,0
@drake,1,0,0,0,0,0,2,0,1,0,0
imo,1,0,0,0,0,1,2,1,0,1,0
perry xd,0,0,0,0,0,0,0,1,0,0,0
capri,0,0,0,0,0,0,0,0,0,0,1
billy dorsey,0,0,0,0,0,0,0,0,0,0,1
american idol,0,0,5,5,4,4,0,2,6,2,0
tim benz,0,0,0,0,1,0,0,0,0,0,0
frank ocean high,0,0,0,0,0,0,0,0,0,0,1
garth brooks,0,0,0,0,0,0,1,0,0,0,1
jack daniels,0,0,0,0,0,2,0,0,0,0,0
frankie beverly,0,0,0,0,0,0,0,0,0,0,1
carly rae jep,0,1,1,1,17,3,2,1,3,0,3
rich kidz,0,0,1,0,0,0,0,0,0,0,0
daaaammmnnn kelly rowland,0,1,0,0,0,0,0,0,0,0,0
riri,0,2,1,4,2,0,6,0,0,1,1
rita,0,0,2,0,0,0,1,0,0,2,0
oh mumford,0,0,0,0,0,0,0,0,0,1,0
the robertson,0,0,0,0,1,0,0,0,0,0,0
john stamos,0,0,0,0,0,0,1,0,0,0,0
wtf,5,5,4,6,4,4,3,2,5,7,6
rohan,0,0,0,0,0,1,2,0,0,0,0
angelina jolie's.,0,0,0,0,1,0,0,0,0,0,0
mason,0,0,0,1,0,0,0,0,0,0,0
winehouse,0,0,0,0,7,1,0,0,1,0,0
joss stone,0,0,0,0,0,1,0,0,0,0,0
peda damian marley,0,0,0,0,0,0,1,0,0,0,0
flava flav,0,0,0,0,0,0,0,0,0,0,1
grammys bruno,0,0,1,0,0,4,1,0,0,0,0
frank &amp; jigga,0,0,0,0,1,0,0,0,0,0,0
patra,0,0,1,0,0,0,1,0,0,0,0
wayne,1,2,1,2,1,1,1,1,1,2,3
eeeeeek justin,1,0,0,0,0,0,0,0,0,0,0
mejor,0,0,1,1,0,1,1,0,1,1,1
skype chief keef,0,0,0,0,0,0,0,0,0,1,0
zbb,0,0,0,0,0,3,1,0,0,2,0
robin gibb,0,0,0,0,0,0,0,0,0,1,0
irma,0,0,0,0,1,0,0,1,0,4,0
perra,0,0,1,0,0,0,0,0,0,0,0
kelly clarkston,0,0,1,4,2,0,0,0,0,0,1
#grammys rock,0,1,0,0,0,0,0,0,0,1,0
the lionel,1,0,1,0,0,0,0,0,0,0,0
george,1,1,0,0,5,1,3,1,0,0,1
gong marley,0,0,0,0,0,0,1,0,0,0,0
john mayer`s,0,0,0,1,0,0,0,0,0,0,0
aaron,1,0,0,0,0,0,0,0,0,0,1
booooring,0,0,0,0,1,0,0,0,0,0,0
tswizzle,1,0,0,0,0,0,0,0,0,0,0
jani lane,0,0,0,0,0,0,0,0,0,1,0
rowland,0,71,10,3,4,0,2,5,2,1,3
kelly sangin im sweatin,0,0,0,0,0,1,0,0,0,0,0
brett kiesel,0,0,0,0,0,1,0,0,0,0,0
mannnn alicia,0,0,1,0,0,0,0,0,0,0,0
andy griffin,0,0,0,0,0,0,0,0,0,1,0
carrie,10,5,3,7,17,6,7,134,307,24,6
alan alda,1,0,0,0,0,0,0,0,0,0,0
edward sharpe,0,0,0,0,0,0,0,0,0,1,0
earl,4,2,1,5,4,2,4,8,2,4,4
illuminati,1,0,2,3,4,0,1,1,1,1,0
tiger woods,0,1,0,0,0,0,0,0,0,0,0
miss jones,0,1,0,0,0,0,0,0,0,0,0
needed matisyahu,0,0,0,0,0,0,1,0,0,0,0
ralph,0,0,0,0,0,0,1,0,0,0,0
deadmau5,0,0,0,0,0,0,0,0,1,0,0
journey,0,0,0,0,0,0,0,1,0,0,0
seacrest,1,0,0,0,0,0,1,0,0,34,0
frank ocean being gay,0,0,0,0,0,0,0,1,0,0,0
pandora,0,1,0,0,0,0,2,0,1,0,0
newton,0,0,0,0,0,0,1,0,0,1,0
luda,0,0,0,0,0,1,0,0,0,0,1
doris,0,0,0,0,0,0,0,0,0,0,1
calvin harris,0,0,0,0,1,0,0,0,0,0,1
social media,0,0,0,0,0,0,0,0,1,0,0
ray wylie,0,0,0,0,0,0,0,0,0,0,1
@frank ocean,0,0,1,0,0,0,0,0,0,0,0
industry'.,1,0,0,0,0,0,0,0,0,0,0
sheeran,9,7,5,8,9,7,3,2,1,4,24
queen,4,0,0,1,3,1,2,3,2,2,2
justin timberlake,249,145,23,12,15,16,11,3,13,34,11
jimmy page,0,0,0,0,0,0,0,1,1,0,0
nesta,0,0,0,0,0,0,2,1,0,0,0
molly poppin,0,0,0,0,1,0,0,0,0,0,0
calton coffie,0,0,0,0,0,0,0,0,0,1,0
frank oc,2,161,39,17,38,20,13,31,16,13,157
jesus,1,0,0,3,4,2,1,3,2,1,2
ed sheeren,0,0,0,0,0,1,0,1,0,0,1
oz,1,1,5,0,2,3,0,1,2,3,2
amber rose,0,0,1,0,0,0,2,1,0,0,0
rihanna's grammy performance,0,0,0,0,2,0,0,0,0,0,0
maxwell,0,0,0,0,0,0,0,1,0,0,0
yaaaaaaaaaay,0,0,0,0,0,0,0,0,0,0,1
alicia,2,2,317,57,20,9,7,16,3,4,6
rip levon,0,0,0,0,0,0,0,1,0,2,0
amy,0,0,1,0,7,1,2,0,1,2,1
english,0,0,0,0,0,0,0,0,0,2,3
@georgieadam,0,0,0,0,0,0,0,0,0,1,0
usc trojan,1,0,0,0,0,0,0,0,0,0,0
herbie hancock,0,0,0,0,0,0,0,0,1,0,0
dragon,0,1,0,0,0,0,1,0,1,0,0
goyte,0,0,0,0,0,0,0,0,2,1,0
travis,0,1,0,0,1,0,0,0,1,1,51
the lord,0,0,0,0,0,0,0,2,0,0,0
cinemark west,0,0,0,0,0,1,0,0,0,0,0
nicole kidman,0,0,3,1,0,4,4,2,0,1,2
elton john &amp; ed sheera,0,0,0,0,0,0,0,0,0,0,1
ed sheraan,0,0,0,0,0,0,0,0,0,0,1
ou,233,282,256,297,305,287,245,282,265,285,296
taylor hicks,0,0,0,2,0,1,0,0,0,0,0
eminem,0,1,0,0,1,2,0,3,0,1,3
grammys bob marley,0,0,0,0,0,2,4,0,1,0,0
miguel n frank,0,0,0,0,0,1,0,0,0,0,0
nyc,1,0,0,3,2,0,1,1,0,1,2
tanner,0,0,0,0,2,0,0,0,0,0,0
scott,1,0,0,1,1,2,1,0,0,1,1
taihron,0,0,0,1,0,0,0,0,0,0,0
bruce,1,0,7,1,0,1,0,1,0,0,1
chris brown & rihanna snuggle,0,0,0,0,1,0,0,0,0,0,0
delta,0,0,0,0,0,0,0,0,0,1,2
yeaa burke,0,0,0,0,0,0,0,0,0,1,0
riff raff,0,0,3,1,3,2,0,0,0,0,1
bill doss,0,0,0,0,0,0,0,0,0,1,0
taytay swift,0,0,0,0,0,0,1,0,0,0,0
drake,8,0,6,3,5,16,19,5,5,7,5
grammy 's awards,0,0,0,0,0,0,0,0,0,0,0
lil wayne,1,1,0,0,1,1,1,0,0,1,1
jillian,0,0,0,0,0,0,0,1,0,0,0
the grammy,94,129,99,105,143,101,118,121,113,170,161
antes,0,1,0,0,0,1,0,0,1,0,0
ben,2,2,2,6,4,2,3,0,2,3,4
kelly rowland=,0,1,0,0,0,0,0,0,0,0,0
ai,71,74,63,101,74,63,79,74,67,95,79
grammy gods,0,0,0,0,0,0,0,0,1,0,0
steve,3,1,3,0,2,2,0,1,1,3,1
fredo santana,0,0,0,0,0,0,1,0,0,0,0
snickers,1,0,0,0,1,0,0,0,0,0,0
johnny depp,17,6,7,5,10,4,6,6,2,8,3
britney,0,1,0,1,0,1,0,0,0,1,1
ahhhh mama brooks,0,0,1,0,0,0,0,0,0,0,0
mumford & sons,0,1,1,0,0,0,0,0,0,0,0
jc chasez,1,0,0,0,0,0,0,0,0,0,0
rihanna,12,13,13,275,137,39,99,20,24,21,27
dieeee,0,0,0,0,0,0,0,0,0,1,0
r kelly,0,4,2,8,5,2,0,0,1,1,0
h-bc,0,0,0,0,0,0,0,0,0,1,0
damien,0,0,0,0,0,3,9,0,0,1,2
sydney,1,0,0,0,0,0,0,0,0,0,0
creepy ass,0,0,0,0,0,0,0,0,0,1,0
nicole,1,0,3,3,1,4,4,2,0,1,2
ravi shankar,0,0,0,0,2,0,0,0,0,4,0
kim carnes,1,0,0,0,0,0,0,0,0,0,0
amanda bynes,0,0,1,0,0,0,0,0,0,0,0
ben wright,0,0,1,0,0,0,0,0,0,0,0
ziggy,0,0,2,1,2,5,35,0,0,2,3
frank fun,0,0,0,0,0,0,0,1,0,0,0
kevin durant,0,1,0,0,0,0,0,0,0,0,0
mavis,0,0,0,0,0,0,0,0,0,61,4
rebecca,0,0,0,0,0,0,0,1,0,0,0
"whitney	whitney",0,0,0,0,0,0,0,0,0,0,0
riley,0,0,0,0,0,0,1,0,0,0,0
sir elton,0,0,2,0,0,0,0,0,0,6,5
skynyrd,0,0,1,0,0,0,0,0,0,0,0
santiago),0,0,0,0,0,0,0,0,0,0,1
chris brown,7,153,37,45,47,30,54,9,5,14,14
#grammys prince,0,0,0,0,0,0,0,0,1,1,0
is kimbra,0,0,0,0,0,0,0,0,5,0,0
ll cool j,7,3,1,10,2,2,2,2,5,7,57
@carrieunderwood,1,0,1,0,0,0,0,3,7,2,0
marcus unique,0,0,0,0,0,0,0,0,1,0,0
t bone burnett,0,0,0,0,0,0,0,0,0,1,0
trey songs,0,0,0,0,0,1,0,0,0,0,0
okey the grammys,0,0,0,0,0,0,0,0,0,1,0
#kelly clarkson,0,0,0,1,1,2,0,0,0,0,0
jameyjo,0,0,0,0,0,1,0,0,0,0,0
carlee,0,0,0,0,1,0,0,0,0,0,0
maroon 5/alicia keys,0,0,3,0,0,0,0,0,0,0,0
jenni rivera,0,0,1,0,0,0,0,0,0,17,0
dear homework,0,0,0,0,0,0,0,0,0,1,0
mitch,0,0,1,0,0,0,0,1,2,4,2
kristen,0,0,0,0,0,0,0,0,0,0,1
nominating mr . gelb,0,0,0,0,0,0,0,0,0,0,0
grammys flashdance,0,0,0,0,0,0,1,0,0,0,0
kim,5,5,1,1,5,2,0,2,48,6,1
notorious b.i.g.,0,0,0,0,0,0,0,0,0,1,0
arizona medley,0,0,0,0,0,0,0,0,0,0,1
adam fucking levineee,0,0,1,0,0,0,0,0,0,0,0
muse,0,0,0,0,1,0,0,1,1,0,0
la,367,327,226,345,254,232,111,119,135,253,132
"vma's,",0,0,0,1,0,0,0,0,0,0,0
#grammys,707,623,671,683,643,670,697,703,690,619,630
bonnie raitt,0,0,0,0,0,0,0,2,0,1,3
tamar braxton,0,0,0,1,0,0,0,0,0,0,0
#grammys mumford,0,0,0,0,0,0,0,0,0,0,1
krishna,0,0,0,0,0,0,0,0,0,0,1
curtis mayfield,0,0,0,0,0,0,1,0,0,0,0
jim johnson,0,0,0,0,0,0,0,0,0,1,0
santana,0,0,0,1,0,0,1,0,0,0,0
d.a,0,0,0,0,0,1,0,0,0,0,0
"johnny	@brunomars",0,0,0,0,0,0,0,0,0,0,0
betty white,0,0,0,0,0,0,0,0,0,1,0
pics,0,0,0,1,0,1,1,0,0,0,0
#grammys wiz,0,0,0,0,1,0,0,0,0,0,0
acms,0,0,0,0,1,0,0,0,0,0,0
dick rock,0,0,1,0,0,0,0,0,0,0,0
cora brown,0,0,0,0,0,0,0,0,0,1,0
avett bros,0,0,0,0,0,0,0,0,0,0,1
blake shelton,1,0,0,2,0,1,0,0,0,0,0
spike,0,0,0,0,0,0,0,0,0,1,0
kelly clarksons,0,0,0,4,5,1,1,0,0,0,0
bruins,0,1,1,1,0,1,0,0,0,0,0
rev run,0,0,1,0,0,0,0,0,0,0,0
"grammy's,",2,2,1,1,1,0,2,2,0,1,3
falcao,0,1,0,0,0,0,0,0,0,0,0
realize miguel,0,0,0,1,0,0,0,0,0,0,0
carrie underwood,7,3,2,5,12,4,5,97,227,12,6
taylor s,27,7,12,9,11,23,94,27,45,82,41
john williams,0,0,0,0,1,0,0,0,0,0,0
john obi miguel,0,0,0,0,1,0,0,0,0,0,0
erryone,0,0,0,0,0,0,1,0,0,0,0
cyrus,0,0,2,0,1,0,0,1,0,0,1
cwhite,0,0,0,1,0,0,0,0,0,0,0
bueno,1,0,0,0,1,0,0,0,0,0,2
young chris,1,0,0,0,0,0,0,0,0,0,0
harry neal,0,0,0,0,0,0,0,0,0,1,0
marvin gaye,0,1,0,0,1,1,0,0,0,0,0
grammys lord,0,0,0,0,1,0,0,0,0,0,0
toby mac,0,0,1,0,1,0,0,0,0,0,0
"jackson	jackson",0,0,0,0,0,0,0,0,0,0,0
ebt awards,0,0,1,1,0,0,0,0,0,0,0
tran mad,0,0,0,0,0,0,0,0,0,1,0
taylor swifts grammy,0,0,0,0,0,0,0,0,0,1,0
grohl,2,0,27,4,2,0,1,1,0,1,2
kelly won,0,0,2,1,0,1,0,0,0,0,0
congrats rihanna,0,0,0,0,0,1,0,0,0,0,0
billy ray cyrus,0,0,0,0,0,0,0,1,0,0,0
okk,0,0,0,0,1,0,0,0,1,1,0
lana del,0,0,0,0,0,0,0,1,0,1,1
jesse mccartney,0,0,0,1,0,0,0,0,0,0,0
jay z,37,12,3,1,35,3,4,1,2,1,1
llcoolj,13,9,9,6,10,3,4,0,3,4,5
-jon d'errico,0,0,0,0,0,0,0,0,0,1,0
endymion,0,0,0,1,0,0,0,0,0,0,0
kelly rolland,0,1,0,0,0,0,0,0,0,0,0
dr,31,59,63,71,110,55,70,78,181,57,62
tyler the creator,4,16,4,1,1,1,1,0,1,0,1
chick corea,0,0,0,0,0,0,0,0,0,4,0
has goatse,0,0,0,0,0,0,0,0,0,1,0
rip livestream,0,0,0,0,0,1,0,0,0,0,0
fort helicon,0,0,0,0,0,0,0,0,0,0,1
randy jackson,0,0,0,0,0,0,0,0,0,0,1
bo jackson,0,0,0,0,0,0,1,0,0,0,0
ryan,2,6,0,1,1,2,2,1,0,34,1
#drake,0,0,0,0,0,0,0,0,0,0,1
clarkson,0,1,56,245,100,123,11,13,9,20,7
church,0,9,0,2,4,3,0,1,0,3,0
leeloo,0,0,0,0,0,0,0,1,0,0,0
edward scissor,0,0,0,0,0,0,4,3,1,0,0
scott disick,0,0,0,0,0,1,0,0,0,0,0
gaga,1,1,0,1,5,0,1,1,3,4,0
warren sapp,0,1,0,0,0,0,0,0,0,0,0
jason,1,1,0,0,0,1,0,1,0,0,0
steve aoki,0,0,1,0,0,0,0,0,1,0,0
#NAME?,0,0,0,1,0,0,0,0,0,0,0
lolz tyler,0,1,0,0,0,0,0,0,0,0,0
robertson,0,0,0,0,1,0,0,0,0,1,0
og,13,15,25,24,19,14,19,9,7,18,15
tina knowles,0,0,0,0,1,0,0,0,0,0,0
atl,1,1,0,2,1,2,2,4,1,0,0
paul,0,1,6,3,2,0,2,2,2,4,1
bennett,0,0,0,0,0,0,0,0,1,1,1
swizz beatz,0,0,1,0,0,0,0,0,0,0,0
tate hipps,0,0,0,0,0,0,1,0,0,0,0
tweedy,0,0,0,0,0,0,0,0,0,1,0
ed sharon,0,0,1,0,0,0,0,0,0,0,2
coolio,0,0,0,0,1,0,0,0,1,0,0
mark,0,0,0,0,2,2,2,3,2,3,2
don cornelius,0,0,0,0,0,0,0,0,0,1,0
kelly !!!,0,0,0,0,0,0,0,0,0,0,0
skrillex,1,1,0,0,2,0,0,0,0,1,1
everyones,0,0,0,0,0,1,0,0,1,0,0
usa,0,1,1,2,2,2,1,1,2,0,1
the beatles,1,0,0,0,0,0,0,0,0,0,0
@lanadelrey,1,0,0,0,0,0,0,0,0,0,0
jones ravi shankar,0,0,0,0,0,0,0,0,0,1,0
brian &amp; stephane,0,0,0,0,0,0,0,0,0,1,0
chris hanson,0,1,0,0,0,0,0,0,0,0,0
romeo,0,0,0,0,0,0,1,0,0,0,0
carole king,0,0,0,0,3,7,0,0,0,0,0
elton john .,0,0,0,0,0,1,0,0,0,0,0
sting bruno mars,0,0,0,0,0,1,0,0,0,0,0
sheldon cooper,0,0,0,0,0,0,0,0,1,0,0
fernando ventura,0,0,0,0,0,0,0,1,0,0,0
congrats kelly c,0,0,0,3,0,0,0,0,0,0,0
taylor swift,26,6,11,9,11,23,93,27,44,80,40
andy williams,0,0,0,0,0,0,0,0,0,2,0
steve carrell/usher,0,0,0,0,0,0,0,0,0,1,0
travis barker,0,0,0,0,0,0,0,0,1,0,41
neil patrick harris,0,0,1,0,1,4,2,0,1,0,2
white,21,7,3,13,9,15,105,212,16,27,25
fontella bass,0,0,0,0,0,0,0,0,0,1,0
carls,0,0,0,2,0,0,0,0,0,0,1
on the grammys,10,11,12,9,12,8,15,12,11,21,21
estos,0,0,0,0,0,0,1,1,0,1,0
adam,5,4,215,32,14,7,3,9,1,7,5
santorum,0,0,0,0,0,0,0,0,0,0,1
al walser,0,0,0,0,0,0,1,0,0,0,0
zac efron,0,0,0,0,0,1,0,0,0,0,0
justin bieber,5,4,5,3,12,6,9,10,4,5,4
carmelo anthony,0,0,0,0,0,0,0,0,0,0,1
timberlake,287,173,31,15,17,20,12,3,16,38,12
wrong justin,1,0,0,0,0,0,0,0,0,0,0
michael telo,0,0,0,0,0,0,0,0,0,0,1
nos,2,2,2,0,3,1,6,0,2,7,1
mca,0,0,0,0,1,1,0,0,1,2,2
mary,0,2,1,1,1,0,0,0,1,2,0
hunter hays,0,0,0,0,0,0,1,0,0,0,0
j.t.,2,2,0,0,0,0,0,0,0,0,0
grammy jammie,0,0,0,0,0,0,0,1,0,0,0
*ed sheeran,0,1,0,0,0,0,0,0,0,0,0
kelley clarkson,0,0,0,2,0,0,0,0,0,0,0
johnny,17,6,7,6,14,5,6,8,3,10,4
lumineers,2,0,0,0,0,7,25,11,1,2,4
#grammys rhianna,0,0,0,0,0,0,0,1,0,0,0
celine dion,0,0,0,0,0,0,0,0,0,1,0
pauley,0,0,4,0,0,0,0,1,0,0,0
britney spears,0,0,0,1,0,1,0,0,0,0,0
mr pete townshend,0,0,0,0,0,0,0,1,0,0,0
is sting,0,0,0,0,0,2,1,0,0,0,0
kb,2,0,4,0,1,2,0,1,1,2,3
travis fucking barker,0,0,0,0,0,0,0,0,0,0,1
dierks,1,1,0,6,1,0,2,1,0,1,0
avery,0,0,0,1,0,0,0,0,0,0,0
matt damon,0,0,0,0,0,0,0,0,0,0,1
clint eastwood,0,0,0,0,0,0,0,0,0,0,1
patti,0,0,0,0,6,2,3,0,0,0,0
jw,0,0,0,0,1,0,0,2,1,1,0
honestly cudi,0,0,0,0,0,0,0,0,1,0,0
kramer,0,0,0,0,1,0,0,0,0,0,0
keith,0,2,10,3,0,0,0,1,0,1,3
janelle mone,0,0,0,0,1,0,0,0,0,0,0
tim mcgraw,1,0,1,0,3,0,2,1,0,0,0
zach brown,0,0,0,0,0,1,1,0,0,1,0
adele awards #grammys,0,0,0,0,0,0,0,0,0,0,1
#elton john,0,0,0,0,0,0,0,0,0,0,1
dr johns,0,0,0,0,1,0,0,0,0,0,0
mitt romney,0,0,1,0,0,0,0,0,0,0,0
charles,0,0,1,1,0,1,0,0,1,0,2
#grammys bruno,0,0,1,0,0,3,1,0,0,0,0
christina milian,0,0,0,0,1,0,0,0,0,0,0
berle,0,1,0,0,0,0,0,1,0,0,0
eddie,0,0,0,0,2,1,2,1,0,0,0
god carrie,0,0,0,0,0,0,0,1,2,0,0
michael jackson,2,3,0,1,1,4,1,2,2,2,1
miguel,3,24,9,58,13,5,9,6,7,3,2
amy winehouse,0,0,0,0,6,1,0,0,0,0,0
levine,3,4,153,29,8,6,1,8,1,2,2
randy,0,0,0,1,1,0,0,1,1,1,1
gaaahhhtdayyumm justin timberlake,1,0,0,0,0,0,0,0,0,0,0
osama bin laden,0,0,0,0,0,0,1,0,0,0,0
c'mon uncle l,0,0,0,0,0,0,0,0,0,0,1
annie,0,0,0,0,0,0,0,0,0,6,0
marley boys,0,0,0,1,0,0,0,0,0,0,0
jlo's leg,0,0,0,0,1,0,0,0,0,0,1
dance central,0,0,0,0,1,0,0,0,0,0,0
crae,0,0,1,1,2,0,0,0,0,0,1
keyshia cole,0,1,0,0,1,1,0,3,3,1,4
twerk anthem,0,0,0,0,0,0,0,0,1,0,0
linda,0,0,0,2,0,0,0,1,0,0,0
ella fitzgerald,1,0,0,1,0,0,0,0,0,0,0
bruno mars/sting,0,0,0,0,0,0,1,0,0,0,1
adele,4,9,16,12,8,13,14,9,2,7,92
#gotye,0,0,0,0,0,0,0,0,2,1,0
moron,0,0,0,1,0,0,0,1,0,0,1
bradley nowell,1,0,0,0,0,0,0,0,0,0,0
toro y moi,0,0,0,1,1,0,0,0,0,0,0
@jtimberlake,17,15,4,1,1,3,1,0,2,2,0
nigha riff raff,0,0,0,0,0,1,0,0,0,0,0
alicia keyes/maroon,0,0,1,0,0,0,0,0,0,0,0
john paul white,0,1,1,0,0,0,0,0,0,0,0
bob dylan,1,0,1,0,0,0,0,0,0,1,0
yt,10,10,8,10,14,13,19,13,16,20,11
levon helm,0,0,0,0,2,0,4,6,0,28,4
jazz,0,0,0,1,8,2,1,0,0,10,1
waka flocka,0,0,0,0,0,1,1,0,0,0,0
the kinney,0,0,0,0,0,1,0,0,0,0,0
rip dave brubeck,0,0,0,0,0,0,0,0,0,1,0
portia de rossi,0,0,0,0,0,0,2,0,0,0,0
arizona inmigration,0,0,1,0,0,0,0,0,0,0,0
tyler,7,26,4,4,1,3,4,1,3,4,5
stewie griffin,0,0,0,0,0,0,0,0,0,1,0
ed sheeran,6,6,3,8,7,5,3,1,1,4,22
jim johnston,0,0,0,0,0,0,0,0,0,1,0
#prince,1,0,7,0,0,0,0,0,9,1,0
joseline hisnandez,0,0,0,0,0,0,0,0,1,0,0
shakespeare,1,0,0,0,0,0,0,0,0,0,0
flo,3,2,16,23,6,4,7,8,3,3,3
the rock,0,0,0,1,0,0,0,1,0,0,0
julianna,0,0,1,0,0,0,0,0,0,0,0
fran,2,223,53,24,57,21,19,49,32,18,211
ramsey,0,0,0,0,0,0,1,0,0,0,0
antony santos,0,0,0,1,0,0,0,0,0,0,0
j cole,0,1,0,0,0,0,0,0,1,0,0
james brown,0,0,0,0,0,0,1,0,0,0,0
#bruno mars,0,0,0,0,0,1,2,0,0,0,0
rap &amp; song,0,0,0,0,1,0,0,0,0,0,0
young,5,2,3,3,3,3,4,2,1,4,1
victoria gold,0,0,0,0,0,0,0,0,1,0,0
taylor lautner,0,0,0,0,0,0,0,0,0,1,0
meg,0,1,1,1,1,1,1,2,1,1,0
christina aguilera,1,0,0,0,0,0,0,0,0,0,0
nba,1,0,1,2,2,8,1,0,1,3,0
carrie shea,0,0,0,0,0,0,0,0,1,0,0
mark cohn,0,0,0,0,0,0,0,0,0,1,0
andrew bird,0,0,0,0,1,0,0,0,0,0,0
jane,1,2,2,0,1,0,2,1,5,5,2
denzel washington,0,0,0,0,1,0,0,0,0,0,0
kimbra,0,1,0,0,0,0,0,0,45,5,0
chris browb,0,1,0,0,0,0,0,0,0,0,0
rick ross,0,0,1,0,1,0,1,0,0,1,1
boyfriend forrest gump,0,0,0,0,0,0,0,0,0,0,1
std taylor swift,0,0,1,0,0,0,0,0,0,0,0
jake,0,1,0,1,0,0,0,3,0,1,0
grammys and instagraming,1,0,0,0,0,0,0,0,0,0,0
awards,40,28,36,28,32,36,34,33,35,33,34
madea,0,0,0,0,0,0,0,0,0,1,0
joey bada$$,0,0,0,0,0,0,0,0,1,0,0
human banana,0,0,0,0,0,0,0,1,0,0,0
brooklyn,0,0,0,0,2,1,0,0,0,0,4
mr . president,0,0,0,0,0,0,0,0,0,0,0
winnin grammys,0,0,0,0,1,0,0,0,0,0,0
glenda,0,0,0,0,0,0,0,0,1,0,0
barack obama,0,0,0,0,0,0,0,0,0,1,0
strawberry shortcake,0,0,0,1,0,0,0,0,0,0,0
kenny loggins,0,0,0,0,0,0,1,0,0,0,0
artie shaw,0,0,0,1,0,0,0,0,0,0,0
kelly on stage,0,0,0,0,0,2,0,1,0,0,0
charlie brown,0,0,0,0,0,0,0,0,1,1,0
t swift,1,0,0,0,0,0,0,0,0,1,1
evan,1,2,0,1,3,1,0,1,2,2,4
role model,0,0,0,1,0,1,1,0,1,0,0
hunter hayes-but,0,0,0,0,0,0,1,0,0,0,0
joey fatone,0,1,0,0,0,0,0,0,0,0,0
zach brown band,0,0,0,0,0,1,1,0,0,0,0
citygirl,0,0,0,0,0,0,0,0,0,0,1
#grammys grammys,0,0,0,0,0,0,1,0,0,0,0
latin grammys,0,1,0,1,0,0,0,0,0,2,0
memphis,2,1,0,0,1,0,0,0,0,0,0
whenever ryan seacrest,0,0,0,0,0,0,0,0,0,2,0
austin,0,0,1,1,0,0,0,0,1,1,3
yay,1,1,6,4,1,2,2,1,0,1,9
we are young,3,2,1,2,1,0,0,0,1,0,0
whoa,2,2,2,1,2,0,2,2,4,2,0
the farmer,0,0,0,0,0,0,0,0,0,0,1
al,163,185,478,262,256,202,217,219,219,243,257
favorite grammy,0,0,1,0,0,0,0,0,1,0,0
keith urban,0,2,9,3,0,0,0,1,0,0,3
hollywood,0,0,1,1,0,0,3,1,0,0,2
roses,0,0,0,0,0,0,0,0,2,1,0
america,1,0,9,12,8,6,6,10,10,4,3
does whitney,0,0,0,0,0,0,0,1,0,0,0
wishing beyonc,1,0,0,0,0,0,0,0,0,0,0
patting tits,0,0,0,0,0,0,1,0,0,0,0
marley tribute,11,10,1,3,14,65,137,18,5,17,11
lupe fiasco,0,2,0,0,0,0,0,0,1,0,0
brittany staples,0,0,0,0,0,0,0,0,0,1,0
david lynch,0,0,0,0,0,0,0,0,0,0,1
charlemagne,0,0,0,0,0,0,0,1,0,0,0
frankie oceannn,0,0,0,0,1,0,0,0,0,0,0
king,46,46,48,43,59,50,52,62,46,41,37
tony romo,0,0,0,0,0,0,0,1,1,0,0
munford,0,0,0,0,0,0,0,0,0,0,1
zac brown,0,0,0,0,1,24,1,1,0,30,1
ziggly marley,0,0,0,0,0,0,1,0,0,0,0
chris breeze,0,1,0,0,0,0,0,0,0,0,0
delete,1,0,0,0,0,0,1,0,0,1,0
raynham,0,0,0,0,0,0,1,0,0,0,0
jigga,1,1,0,0,2,0,0,0,0,0,0
marcus,1,0,1,0,0,0,0,0,1,7,1
omg kimbra,0,0,0,0,0,0,0,0,1,0,0
grammy boogie,0,0,0,0,1,0,0,0,0,0,0
grammy's?!,0,0,0,1,0,0,0,0,0,0,0
the lumineers,2,0,0,0,0,6,12,6,1,2,2
brazil,0,1,0,0,1,0,1,0,0,1,0
jlo,1,3,2,2,3,1,1,1,5,3,9
milly,0,0,0,0,0,0,0,0,0,1,0
mavisism,0,0,0,0,0,0,0,0,0,1,0
d'amanti,0,0,0,0,0,0,0,0,0,0,1
definitly,0,0,0,0,0,0,1,0,0,0,0
kid cudi,0,0,1,0,0,1,0,1,1,0,0
esperanza spalding,0,0,1,0,0,1,0,0,0,0,0
john preservation hall jazz band,0,0,0,0,1,0,0,0,0,0,0
keisha,0,0,0,0,0,0,0,0,0,1,0
brandy,0,0,0,1,1,0,0,0,1,0,0
ne-yo,0,0,0,0,9,0,1,1,0,0,0
c'mon brittany,0,0,0,0,0,0,0,0,0,1,0
pre-telecast grammy's.,0,0,0,0,0,0,0,1,0,0,0
"michael	amen,",0,0,0,0,0,0,0,0,0,0,0
bye,1,0,2,1,2,4,1,0,0,4,1
tyler perry,0,0,0,0,0,0,0,0,0,1,0
alex,1,1,2,1,0,0,3,1,1,0,0
elton john and ed sheeran,0,0,0,2,0,0,0,0,0,0,1
ummmmm,0,0,0,1,0,1,0,0,2,0,0
carole,0,0,0,0,6,8,0,1,0,0,0
kendrick lamar,0,0,0,0,0,2,0,1,1,0,1
philip seymour hoffman,0,0,0,0,1,0,0,0,0,0,0
miguel cabrera,0,0,0,0,0,1,0,0,0,0,0
green,0,1,0,0,3,0,1,4,2,1,1
blackie mcgee,0,0,0,0,0,0,0,1,0,0,0
james fauntleroy,0,0,0,0,0,0,0,0,0,1,0
gatsby,1,0,0,0,0,0,0,0,0,0,0
why adam lavigne,0,0,1,0,0,0,0,0,0,0,0
ima,4,5,1,5,6,2,3,4,6,3,2
gloria,0,1,0,0,0,0,0,0,0,0,0
grammy kanye,0,0,0,0,1,0,0,0,0,0,0
francis bay,0,1,0,0,0,0,0,0,0,0,0
rose,0,0,1,0,0,2,2,1,2,1,0
alisha,0,0,3,0,0,0,0,0,0,0,0
webster,0,1,0,0,0,0,0,0,0,0,0
kelly roland,0,2,0,0,0,0,0,0,0,0,0
solange knowles,1,0,3,0,0,0,1,0,0,0,0
grammys i,8,11,9,8,10,12,16,8,12,7,18
phaedra parks,0,0,0,0,0,0,2,4,0,0,0
james cameron,0,0,0,0,0,0,0,0,1,0,0
lana,2,0,1,2,2,0,0,2,1,2,2
the grammys-,0,0,0,1,0,0,0,0,0,1,1
belgium,0,0,0,0,0,0,0,0,1,0,0
john legend,0,0,0,0,14,1,0,2,0,0,0
kevin smith,0,0,0,0,0,1,0,0,0,0,0
holly,0,0,1,1,0,0,3,1,2,0,3
award,46,40,45,35,42,43,40,44,52,41,43
tom morello,0,0,1,0,0,0,0,0,1,0,29
rasheed,0,0,0,0,0,0,0,0,0,0,2
sally field,0,0,0,0,1,0,0,0,0,0,0
kelly c,0,1,54,237,96,112,11,10,8,20,4
troy,1,2,0,0,0,0,0,0,0,1,1
mute button,0,0,0,0,1,0,0,0,0,0,1
adele ottoman,0,1,0,0,0,0,0,0,0,0,0
helen keller,0,0,0,0,1,0,0,0,0,0,0
ms,14,13,34,11,20,21,12,15,14,21,22
john lennon,0,0,0,0,0,0,0,0,0,1,0
conor casey,0,0,0,0,0,1,0,0,0,0,0
kathy griffin,0,5,0,0,0,0,0,0,1,0,0
prince royce,0,0,0,0,0,0,1,0,1,0,0
j lo,0,0,0,1,0,2,0,0,0,1,1
falsetto,2,2,1,0,1,0,0,0,0,0,0
grammy foundation,0,0,0,0,0,0,0,0,0,3,0
dave brubek,0,0,0,0,0,0,0,0,0,1,0
philly,0,0,1,0,0,1,0,1,0,0,0
erin,4,3,1,3,2,3,0,0,1,10,4
"bob	@brunomars",0,0,0,0,0,0,0,0,0,0,0
adam levigne,0,0,1,0,0,0,0,0,0,0,0
trinidad james,2,1,1,0,0,2,0,0,1,1,0
chris brown #grammys,0,6,0,2,1,1,0,0,2,0,1
reuben studdard,0,0,1,1,0,0,0,0,0,0,0
amanda palmer,0,0,0,0,1,0,0,0,0,0,0
travis porter,0,0,0,0,0,0,0,0,0,1,0
tito,0,0,0,0,0,0,0,0,0,1,0
wale,0,0,0,0,0,0,0,1,0,0,1
@jawbone #bigjambox,0,0,0,0,1,0,0,0,0,0,0
sophia,0,0,0,0,1,0,0,0,0,0,0
blake,1,2,2,3,3,2,0,0,1,1,0
jesus christ,0,0,0,1,0,0,0,0,1,0,0
grace park,0,0,1,0,0,0,0,0,0,0,0
mama brooks,0,0,1,0,0,0,0,0,0,0,1
loved jay-z,0,0,0,0,0,0,0,0,0,1,0
leon sandcastle,0,0,0,0,0,0,1,0,0,0,0
john mayer,1,2,3,11,5,3,6,4,3,9,6
"chris brown	damn",0,0,0,0,0,0,0,0,0,0,0
katey perry,0,0,0,2,0,0,0,2,0,0,0
jack black,0,0,0,0,0,1,1,4,0,0,0
macklemore,0,0,0,0,0,1,1,0,0,0,1
lianimal &amp; mackattack,0,0,0,1,0,0,0,0,0,0,0
fierce ensemble,0,1,0,0,0,0,0,0,0,0,0
"dr john	what",0,0,0,0,0,0,0,0,0,0,0
tinkerbell,0,0,0,0,0,0,0,0,1,0,0
christian bale,0,0,0,0,0,0,0,0,0,0,1
bethany,0,0,0,0,1,0,0,0,0,0,0
glenn,0,0,0,0,1,0,0,1,1,0,0
donna,1,1,0,0,0,0,0,1,0,7,0
chris clap rihanna,0,0,0,0,0,1,0,0,0,0,0
betty,1,0,0,0,0,0,0,0,0,2,0
beyonce,85,19,11,9,12,8,10,7,10,3,4
dick clark,2,0,0,0,0,0,0,0,0,4,0
alabama shakes,0,0,4,1,0,0,1,3,0,25,1
andy griffith,0,0,0,0,0,0,0,0,0,3,0
juicy j,0,0,0,0,0,0,1,0,0,0,0
flippin,1,0,0,0,2,2,0,0,0,0,0
corny,0,0,0,0,0,1,0,0,0,0,0
bullshit sting,0,0,0,0,0,0,0,0,0,1,0
bob marlee,0,0,0,0,0,0,0,0,1,0,0
joe,0,3,1,0,2,0,2,1,2,2,0
john .,0,0,0,0,0,1,0,0,0,0,0
trollope,0,0,0,0,0,0,0,0,0,0,1
grammy's?,1,0,1,3,2,1,0,1,0,2,3
awesomeness carrie,0,0,0,0,0,0,0,0,1,0,0
ky-mani marley,0,0,0,0,1,0,0,0,0,0,0
lord,3,2,0,3,1,4,3,3,0,2,1
music,24,16,13,19,48,22,30,29,22,41,23
thr,6,8,7,2,4,7,11,7,7,6,12
verdine white,0,0,0,0,0,0,0,0,0,0,1
patty andrews,0,0,0,0,0,0,0,0,0,1,0
nelly,0,0,0,0,0,0,0,1,0,0,0
porter waggoner,0,0,0,0,0,0,0,2,0,0,0
amanda,1,1,1,0,1,0,1,1,0,0,0
boy george,0,0,0,0,0,0,1,0,0,0,1
pbp,0,0,0,0,0,0,1,0,0,0,0
yorke-gate,0,0,0,0,1,0,0,0,0,0,0
julio,0,0,0,0,0,0,0,1,0,0,0
chicago,2,0,0,1,0,0,0,0,0,1,0
ll,306,317,288,477,355,315,235,224,243,262,318
ma,177,209,250,203,203,467,506,208,199,293,240
-prince #grammys,0,0,0,0,0,0,0,0,1,0,0
"ooooooooooo	jayz",0,0,0,0,0,0,0,0,0,0,0
african,0,0,1,0,1,0,0,0,1,1,0
john legends,0,0,0,0,1,0,0,0,0,0,0
dave matthews,0,0,0,0,0,0,0,0,0,0,1
william,1,1,1,0,6,1,0,0,0,2,1
justin black,1,0,0,0,0,0,0,0,0,0,0
nice kangol,0,0,0,0,0,0,0,0,0,0,1
bruno mars rock,0,0,0,0,0,0,2,0,0,1,0
damian marley,0,0,0,0,2,1,10,1,0,0,2
elton john,3,5,2,4,4,4,1,1,3,65,44
girls,1,1,3,3,5,2,1,5,4,0,4
ric flair,0,0,0,0,0,0,0,1,0,0,0
diplo,0,0,2,2,4,1,2,0,0,1,0
@kreayshawn,0,0,0,0,0,0,0,0,0,1,0
b,683,652,464,502,530,696,687,503,470,579,548
sean,1,1,0,2,0,0,1,0,1,1,0
rhiannon,0,0,0,0,1,0,0,0,0,0,0
joyce,0,1,0,0,0,0,0,0,0,0,0
janet jackson,0,0,0,0,0,0,0,0,0,2,0
is rihanna,0,0,0,7,1,1,2,0,0,0,1
justin biebers music,0,1,0,0,0,0,0,0,0,0,0
demi,0,1,0,1,0,0,0,0,1,0,0
c.e.s.,0,0,0,0,0,0,0,0,0,1,0
mike easterlin,0,0,0,0,0,0,0,0,1,0,0
cali,0,1,1,1,2,1,0,0,1,1,1
uno,17,16,5,12,11,256,123,13,6,19,16
motherfucker miguel,0,0,0,0,0,0,0,1,0,0,0
king jay z,0,0,0,0,1,0,0,0,0,0,0
barbie,0,0,0,0,0,0,0,3,4,0,1
andre,0,0,2,1,1,0,3,0,1,3,0
grammy's!!,1,3,0,0,0,2,1,0,0,1,2
portia,0,1,1,2,0,0,3,0,0,0,0
ville,0,1,2,0,0,1,0,1,1,0,0
richard dreyfuss,0,0,0,0,1,0,0,0,0,0,0
mami,0,1,0,0,0,0,0,1,0,0,0
joy,0,4,3,1,3,3,9,5,1,3,6
ohh justin,1,0,0,0,0,0,0,0,0,0,0
doc watson,0,0,0,0,0,0,0,0,0,2,0
ilove ed sheerens,0,0,0,0,0,0,0,0,0,0,1
tim burton,0,0,0,0,0,0,1,2,0,1,1
chris gone beat frank,0,1,0,0,0,0,0,0,0,0,0
jackie wilson,0,1,0,0,0,0,0,0,0,0,0
island,0,0,0,0,0,0,2,1,0,1,0
jamey johnson,0,1,0,0,0,0,0,0,0,0,0
kris,1,1,1,1,0,0,0,0,1,0,2
love hunter hayes,0,0,0,0,0,0,0,2,0,1,0
larry,0,0,0,0,0,1,1,0,0,0,0
tech n9ne,0,0,0,0,0,0,0,1,0,0,0
marilyn monroe,0,0,0,0,0,1,0,0,1,0,0
will kelly,0,0,0,1,0,0,0,0,0,0,0
don,24,28,36,42,24,27,27,26,23,32,29
alicia keys,1,1,230,46,15,5,5,12,2,3,5
babel,0,0,0,0,0,0,0,0,0,0,8
stella,0,1,0,0,0,0,3,0,0,1,2
stfu,0,2,0,0,0,0,0,1,1,1,0
tim,313,190,56,29,44,43,45,21,41,76,43
ts,55,66,53,68,70,67,58,70,66,72,55
matt,2,0,2,3,3,1,3,0,0,3,4
dexter,1,0,0,0,0,0,0,0,0,1,0
sara quin,0,0,0,0,0,0,0,0,0,1,0
colombiano,0,0,0,0,0,0,0,0,0,0,2
banjo,0,0,0,0,0,1,0,0,0,0,2
christopher,0,0,0,1,0,0,0,0,0,1,0
john driskell hopkins,0,0,0,0,0,1,1,0,0,0,0
rhiannas,0,0,0,0,0,0,0,0,0,0,1
roy nelson,0,0,0,0,0,0,0,0,0,0,1
jamie kennedy,0,0,0,1,0,0,0,0,0,0,0
missed jack white,0,0,0,0,0,0,0,0,0,1,0
justin timberlake/,0,0,0,0,0,0,0,0,0,0,0
yep prince,0,0,0,0,0,0,0,0,0,1,0
john white,0,0,0,0,0,0,1,0,0,0,0
juaneeeessss,0,0,0,0,0,0,0,0,0,0,1
monet,0,0,0,0,0,0,0,0,1,0,0
lolla,0,0,0,0,0,0,1,1,0,0,0
shawn corey carter,1,0,0,0,0,0,0,0,0,0,0
grammy(s,0,0,0,0,0,0,0,0,0,1,0
michael,4,3,1,2,2,4,1,4,2,5,3
yanni,0,0,0,0,0,0,0,0,0,0,1
101 dalmations,0,0,0,0,0,0,0,0,1,0,0
kingsley,0,0,0,0,0,0,0,0,0,1,0
spurs,0,0,0,0,2,0,1,0,0,0,0
bob marley tribute,10,9,1,3,14,62,122,15,4,16,10
jada,0,0,1,0,0,0,0,0,0,0,0
nikki minaj,0,0,0,0,0,0,0,0,0,0,1
ringo,0,1,0,0,2,0,0,0,0,0,0
justin beiberlake,1,0,0,0,0,0,0,0,0,0,0
tchad blake,0,0,1,0,0,0,0,0,0,0,0
sara,0,1,0,2,1,0,0,1,0,2,1
marilyn manson,1,0,0,0,0,0,0,0,0,0,0
mary raymond,0,0,0,0,0,0,0,0,0,1,0
#pepsi,0,0,0,0,1,0,0,0,0,0,0
instagram,7,0,1,1,0,1,0,0,1,0,0
johnny tapia,0,0,0,0,0,0,0,0,0,1,0
unorthodox jukebox,0,0,0,0,0,1,0,0,0,0,0
woody,0,0,1,0,0,0,0,1,0,0,0
jay-z,53,12,5,3,86,14,5,1,5,4,1
romney,0,1,1,0,1,0,0,0,0,0,0
george clinton,0,0,0,0,4,0,0,0,0,0,0
carey mulligan,0,0,0,0,0,0,0,0,0,0,1
justine timberlake,1,0,0,0,0,0,0,0,0,0,0
willie,0,0,0,0,0,2,0,1,0,0,1
sharon osbourne,0,0,1,0,0,0,0,0,0,0,0
edison,0,0,0,0,1,0,0,0,0,0,0
loreto,0,0,0,0,0,1,0,0,0,0,0
penny,0,0,3,0,1,0,0,2,1,0,0
eddie vedder,0,0,0,0,1,0,1,0,0,0,0
juanes,0,0,0,0,0,0,0,1,8,17,37
reald 3d,0,1,0,0,0,0,0,0,0,0,0
dj,0,1,0,2,6,1,2,2,2,2,3
lauryn hill,0,0,0,0,0,0,2,0,0,0,0
nicki,1,0,3,2,6,2,3,2,2,1,1
chuck brown,0,0,0,0,0,0,0,0,0,0,1
d'angelo,0,0,0,0,0,0,1,0,0,0,0
dan auerbach,1,0,6,2,5,0,2,0,0,0,0
"nph	@grammys",0,0,0,0,0,0,0,0,0,0,0
gay,1,6,2,1,3,1,3,3,2,3,7
forest gump,0,0,0,0,0,0,0,0,0,0,14
neyo,0,0,0,0,4,1,0,0,1,0,0
gucci mane,0,1,0,0,0,1,1,0,0,0,0
"amy	fat",0,0,0,0,0,0,0,0,0,0,0
king joffrey,0,0,0,0,0,1,0,0,0,0,0
joe morello,0,0,0,0,0,0,0,0,0,1,0
grammy's.,4,4,4,1,11,3,1,3,3,5,4
angelina jolie,0,1,0,0,1,0,0,0,1,0,1
kellyclarkson,0,0,1,6,6,6,0,0,0,0,0
michael vick,0,0,0,1,0,0,0,0,0,0,0
ellen,110,9,5,4,1,4,20,0,0,3,4
t-swizzle,0,0,0,0,0,0,0,0,0,1,0
#grammys lopez,0,0,0,0,0,0,0,0,0,0,1
gorg,2,8,7,8,7,4,6,15,11,3,2
mr . jack white,0,0,0,0,0,0,0,0,0,0,0
persian,0,0,0,0,0,0,0,0,0,0,1
ohio,0,0,0,1,0,0,0,0,0,0,1
magic,2,1,0,0,1,0,3,0,2,2,0
santa,0,0,0,2,0,0,1,0,1,0,0
tygga bates,0,0,0,0,0,0,0,0,0,0,1
chanel,0,0,0,0,0,0,0,0,1,0,0
sonny moore,0,0,0,0,0,0,0,0,0,0,1
dakota,0,0,0,0,0,0,1,0,0,0,0
alecia keys,0,0,1,1,0,0,0,1,0,0,0
jimmy paige,0,0,0,0,0,0,0,1,0,0,0
my bruno,0,0,0,0,0,0,1,0,0,0,0
latino presence,0,0,0,0,0,0,0,0,0,0,1
toots,0,0,0,0,0,0,1,0,0,0,0
dave,2,0,25,4,3,0,2,1,1,21,4
mumfords,0,0,0,0,0,1,1,0,0,0,1
nervo,3,0,0,5,0,0,1,1,0,0,1
luke bryan,1,4,0,0,1,1,0,0,0,0,0
toni ann,0,0,0,0,0,1,0,0,0,0,0
kawhi,0,0,0,1,0,0,0,0,0,0,0
frank #grammys,0,1,1,0,0,0,0,0,0,1,1
steven hawking,0,0,0,0,0,0,0,1,0,0,0
"katy perry-gate	agreed!",0,0,0,0,0,0,0,0,0,0,0
is beyonce,1,0,0,0,0,0,1,0,0,0,0
tom,2,4,7,8,1,3,3,3,5,6,41
lily,1,0,0,0,0,0,0,0,0,0,0
ahhhhhhh jack white,0,0,0,0,0,0,0,1,0,0,0
matador,0,0,0,0,0,0,0,1,0,1,0
grammys and buckwild,0,0,0,0,0,0,0,0,1,0,0
donna summers,0,0,0,0,0,0,0,0,0,1,0
@selena,0,0,0,1,0,0,0,0,0,0,0
wiz khalifa,2,2,3,3,2,0,4,2,3,0,0
beyonc,97,19,12,9,12,8,10,7,10,3,4
adam yauch,0,0,0,0,0,0,0,0,0,2,1
kelly rowland-dang,0,0,0,0,0,0,0,1,0,0,0
rickyyy rozayyyy,0,0,1,0,0,0,0,0,0,0,0
music teachers,0,0,0,0,0,0,0,0,0,1,0
@bomani_jones mumfords,0,0,0,0,0,0,0,0,0,0,1
chris browns,0,1,1,0,1,2,1,0,0,0,1
frank twitchy,0,0,0,0,0,0,0,0,0,1,0
kurt cobain,0,0,0,0,0,0,0,0,0,0,1
sheila,0,0,4,0,0,0,0,1,0,0,0
jay &amp; nas,0,1,0,0,0,0,0,0,0,0,0
gotye,0,0,0,0,0,0,0,1,53,13,3
lena dunham,1,0,0,1,3,1,0,11,2,1,1
bd wong,0,0,0,0,0,0,0,0,0,1,0
@carlos_thomas,0,0,0,0,0,0,0,0,0,1,0
anthony bourdain,0,0,1,0,0,0,0,0,0,0,0
carly rae,0,2,1,1,19,3,2,1,3,0,3
elton,4,5,2,7,4,6,1,1,4,88,52
gibson,0,0,0,0,0,0,0,0,0,0,1
reggae,0,0,0,0,0,2,11,4,0,2,1
miranda lambert,0,3,2,14,5,5,1,4,2,1,0
cody,1,0,0,1,1,0,0,0,1,0,0
mr,2,5,3,4,7,5,1,8,2,6,7
#brunomars,0,0,0,1,1,7,5,0,0,2,2
carly rea,0,0,0,0,1,0,0,0,0,0,0
elton john/zac brown,0,0,0,0,0,0,0,0,0,1,0
love adam levine,0,0,2,2,0,0,0,0,0,0,0
rasta,0,0,0,0,0,2,4,1,0,0,0
t-swift,0,0,0,0,0,0,0,0,1,1,0
toby,0,0,1,0,2,0,0,0,0,0,0
kidz bop,0,0,1,0,0,0,0,0,0,1,0
dr john,0,0,0,0,13,0,1,0,0,0,0
ellen degeneres,10,0,1,0,1,1,1,0,0,1,0
carly rae jeppson,0,0,0,0,1,0,0,0,0,0,0
rae jepsen,0,1,0,1,17,2,2,1,1,0,2
brits,0,0,0,0,0,0,0,0,0,0,1
ur fake,0,0,1,0,0,0,0,0,0,0,0
stepanian @ericstepanian,0,0,0,0,0,0,0,0,0,1,0
grace,0,0,1,0,1,0,0,1,0,1,0
sons,33,6,8,10,11,10,11,5,2,27,51
alyssa keys,0,0,1,0,0,0,0,0,0,0,0
jayz,20,7,2,3,14,0,0,0,0,2,1
notas,0,0,0,0,0,1,0,0,0,0,0
did jay-z,0,1,0,0,1,0,0,0,0,0,0
"n'sync,",1,0,0,0,0,0,0,0,0,0,0
jessica,7,18,2,0,0,0,1,0,2,0,2
frank oceans,0,7,2,0,1,0,0,1,0,0,6
jenny rivera,0,0,0,0,0,0,0,0,0,5,0
justin timbertlake,1,0,0,0,0,0,0,0,0,0,0
carol king,0,0,0,0,0,2,0,0,1,0,0
aleluia,1,0,0,0,0,0,0,0,0,0,0
congrats kelly,0,0,1,6,0,0,0,1,0,0,0
"miguel	lmfao!",0,0,0,0,0,0,0,0,0,0,0
ryan seacreast,0,0,0,0,0,0,0,0,0,1,0
keri hilson,1,0,0,0,0,0,0,0,0,0,1
andy gutauskas,0,0,0,0,0,0,0,0,0,1,0
brown,8,155,38,47,50,63,59,10,6,53,16
reese,0,0,0,0,0,1,0,0,0,0,0
nate reuss,0,0,0,0,0,0,0,0,0,1,0
ja rule,0,1,0,0,0,0,0,0,0,0,0
taylor swifts stupid,0,0,0,0,0,0,1,0,0,0,0
evan rogers,0,0,0,0,0,1,0,0,0,0,0
#jamaica,0,0,0,0,0,0,2,0,0,0,0
ll cool jay,0,0,0,0,0,0,0,0,0,1,0
junior gong,0,0,0,0,0,0,1,0,0,0,0
ri ri,0,0,0,0,1,0,1,0,0,0,0
tom freaking morello,0,0,0,0,0,0,0,0,0,0,1
pat foley,0,0,0,0,0,2,0,0,0,0,0
carter,4,2,0,1,0,1,0,0,1,2,0
damnn,3,0,0,0,0,0,0,0,0,1,2
earns cool audience reception,0,0,0,0,0,0,0,0,0,0,1
george strait,1,0,0,0,1,1,0,0,0,0,0
dope marley,0,0,0,0,0,0,1,0,0,0,0
meek mill,0,0,0,0,0,0,1,0,1,1,0
beard,0,1,0,0,0,3,0,0,1,1,1
hahahahah classy fashion,0,0,0,0,1,0,0,0,0,0,0
luis alberto spinetta,0,0,0,0,0,0,0,0,0,1,0
mike fisher,0,0,0,0,0,0,0,0,3,0,0
anita baker,0,0,0,0,0,1,0,0,0,0,0
levon helm tribute,0,0,0,0,0,0,3,2,0,8,3
barbados,0,0,0,0,2,0,0,0,0,0,0
bruno mars,12,13,3,9,8,213,98,9,6,14,10
faiths,0,0,0,1,0,0,0,0,0,0,0
dallas,0,0,0,0,1,0,0,0,0,1,0
chris brown &amp; rihanna,1,0,2,0,0,0,0,0,0,0,1
ray charles,0,0,0,0,0,0,0,0,1,0,0
ally,26,38,33,43,34,30,34,35,37,37,49
hashtag,0,0,0,5,1,0,0,1,1,0,1
omg taylor,0,0,0,0,0,0,0,0,0,1,0
nicki minaj,1,0,3,2,4,1,1,1,2,1,0
gwen stefani,0,0,0,0,0,0,2,0,0,0,0
robin thicke,4,7,2,0,0,0,1,0,0,0,0
mark wahlberg,0,0,0,0,0,0,0,1,0,0,1
carrie underwoods,1,0,0,0,1,0,0,1,22,0,2
mamma jones,0,0,1,0,0,0,0,0,0,0,0
kudos frank,0,0,0,0,0,0,0,0,0,0,3
oh kelly,0,0,0,3,1,1,0,0,0,0,0
bossman womack,0,0,0,0,1,0,0,0,0,0,0
andrew luck,0,0,0,0,0,0,0,0,1,0,0
rhi,4,0,1,21,10,6,12,1,3,1,3
the marley,0,1,0,1,0,2,17,2,0,1,1
hd,0,2,1,0,1,1,3,1,1,1,3
jennifer hudson,0,0,0,0,0,0,1,0,0,0,0
#kelly #bella,1,0,0,0,0,0,0,0,0,0,0
"lena dunham	lena",0,0,0,0,0,0,0,0,0,0,0
chris,13,190,49,55,59,33,64,13,8,22,18
tom ford,1,0,0,0,0,0,0,0,0,2,0
kourtney,3,2,0,1,0,1,0,1,0,0,0
espero esten,0,0,0,0,0,0,0,0,0,1,0
ncaa,0,0,0,0,0,0,0,0,0,1,0
black key,6,0,16,5,26,6,1,3,2,1,4
jayne frank,0,0,0,0,1,0,0,0,0,0,0
keef finally rich,0,0,0,0,0,0,0,0,0,0,1
mcphearson,0,0,0,0,0,0,0,1,0,0,0
lamar at grammys,0,0,0,0,0,0,0,0,0,0,1
the mumford,0,1,0,1,0,0,0,0,0,1,1
loved ed sheeran,0,0,0,0,0,0,0,0,0,0,2
chuck norris,0,0,0,0,0,0,0,0,1,0,0
lady gaga,0,1,0,1,4,0,0,1,3,3,0
hh,17,10,14,12,7,15,3,13,9,11,10
hiv,0,0,0,0,3,0,0,0,0,0,1
#grammys miguel,0,1,0,1,0,0,0,0,0,0,0
von graff pub,0,0,0,0,0,0,0,0,0,0,1
rajon rondo,0,0,0,0,0,0,0,0,0,0,1
zack brown band,0,0,0,0,0,1,0,0,0,0,0
l.l. cool j,0,0,0,0,0,2,0,0,0,1,0
glynn coco,0,0,0,1,0,0,0,0,0,0,0
hunter edwards,0,0,0,0,0,0,0,1,0,0,0
underwood,8,3,3,9,13,4,5,101,251,14,6
kendrick,0,0,1,0,0,4,1,1,1,2,7
mixtape,0,0,0,0,0,0,0,1,1,0,0
kelly,1,119,95,312,137,174,15,25,17,32,13
barbara,0,0,1,0,0,0,0,0,0,0,0
gtfoh,0,0,0,0,0,0,0,0,0,0,1
paris,0,1,0,0,2,0,1,0,0,1,0
kelly r,0,72,10,4,3,1,2,3,2,1,3
katy perry,2,4,3,13,15,7,3,144,16,23,19
whitney houston,0,2,1,1,1,0,0,0,1,18,3
frank tuner,0,0,0,0,0,0,0,1,0,0,0
doogie howser,0,0,0,0,1,0,0,0,0,0,0
justin timberland,1,2,0,0,0,0,0,0,0,0,0
aguilera,1,0,0,0,0,1,0,0,0,0,0
freak ocean,0,0,0,0,0,0,0,0,0,0,1
archie shepp,0,0,0,0,0,0,0,0,0,1,0
ponce,0,0,0,0,1,0,0,0,0,0,0
soulja boy,0,0,0,0,0,0,0,0,1,0,0
ri,153,299,187,435,324,281,458,313,694,351,238
ross,3,1,5,1,1,0,3,1,1,1,4
kelly klarkson,0,0,0,1,0,0,0,0,1,0,0
donald byrd,0,0,0,0,0,0,0,0,0,0,1
dvr,0,1,0,2,0,1,2,2,1,2,2
hay justin,1,0,0,0,0,0,0,0,0,0,0
stanley clark,0,0,0,0,0,0,0,0,0,3,0
john thompson,1,0,0,0,0,0,0,0,0,0,0
elton john p,0,1,1,0,1,1,0,0,1,1,1
cnn,0,0,0,0,0,0,0,0,0,0,1
kelly carlson,0,0,0,2,0,0,0,0,0,0,0
justij,1,0,0,0,0,0,0,0,0,0,0
jared leto,0,0,0,0,1,0,0,0,0,0,0
trinadad james,0,0,0,0,0,0,0,0,1,0,0
#eltonjohn,0,0,0,0,0,0,0,0,0,1,0
#alicia keys,0,0,1,0,0,0,0,0,0,0,0
rich boys sister,0,0,0,1,0,0,0,0,0,0,0
mike,2,1,0,0,1,2,1,1,4,2,4
adam levine,3,4,143,26,6,5,1,7,1,2,2
jm,0,1,0,2,0,2,0,0,2,0,1
etta james,0,0,0,0,0,0,0,0,0,0,1
ayo,1,0,0,1,0,0,0,0,0,0,1
kelley,0,0,0,2,2,0,0,0,1,0,0
david,1,0,2,0,0,1,1,0,0,1,4
katy fuckin perry,0,0,0,0,0,0,0,1,0,0,0
loved frank ocean,0,0,0,0,0,0,0,0,0,0,1
hubter hayes,0,0,0,0,0,0,0,1,0,0,0
new fergie,0,1,0,0,0,0,0,0,0,0,0
robert downey jr,0,0,0,0,0,0,1,0,0,0,0
carrie***,0,0,0,0,0,0,0,0,1,0,0
al jarreau,0,0,0,0,0,0,0,0,0,1,0
prince,4,1,11,0,1,2,3,30,295,45,7
jt killin,2,2,0,0,0,0,0,0,0,0,0
lillie quinn,0,0,0,0,0,0,0,0,0,1,0
adam lavene,0,0,1,0,0,0,0,0,0,0,0
justin beiber,1,0,1,0,0,0,1,1,0,2,0
disney,0,0,1,0,0,0,0,2,3,0,0
god florence welch,1,0,0,0,0,0,0,0,0,0,0
glad gotye,0,0,0,0,0,0,0,0,1,0,0
killa,1,0,0,0,0,0,0,0,0,0,0
@kelly clarkson,0,0,0,0,0,1,0,0,0,0,0
luke,1,4,0,0,1,2,0,0,0,1,0
herschel,0,0,0,0,1,0,0,0,0,0,0
mayans,0,0,0,0,0,1,0,0,0,0,0
kelly clarkson,0,1,53,228,92,110,11,10,8,20,3
ed,167,183,176,183,224,192,224,209,235,257,234
dick,3,3,1,3,1,0,1,1,2,6,3
charles mingus,0,0,0,0,0,0,0,0,0,0,1
kerry,0,0,0,0,0,0,0,2,1,0,0
aretha,0,0,0,0,1,3,0,1,0,0,0
rick,2,0,9,0,5,11,7,2,4,5,12
kayne,1,1,1,0,1,0,0,0,0,0,0
radiohead,0,0,0,1,0,0,0,1,0,0,0
obviiii jay,0,0,0,0,1,0,0,0,0,0,0
nigga kanye,0,0,0,0,1,0,0,0,0,0,0
brit howard,0,0,0,0,0,0,0,0,0,1,0
krewella,0,0,0,0,0,1,0,0,0,0,0
bara jack black,0,0,0,0,0,0,0,1,0,0,0
ewan mcgregor,0,0,0,0,0,0,0,0,0,0,1
stanley clarke,0,0,0,0,0,0,0,0,0,1,0
erica,1,0,9,12,8,7,6,12,10,4,4
mumford,38,12,14,3,7,9,7,3,2,39,75
agnes,0,0,0,0,0,0,0,0,0,1,0
kit kat club,1,0,0,0,0,0,0,0,0,0,0
amc,1,1,0,0,1,0,0,0,0,0,0
illumineers,0,0,0,0,0,0,1,0,0,0,0
kelly underwood,0,0,0,0,0,0,0,0,2,0,0
mike bibby,0,0,0,0,0,1,0,0,0,0,0
ela,3,1,3,2,2,5,1,4,1,11,6
brent,0,0,0,1,0,0,0,0,0,0,1
ken,1,2,5,3,2,6,7,5,3,3,15
frank ocean,2,160,39,17,38,20,13,31,16,13,155
scientology,0,0,0,0,0,0,0,1,0,0,0
damian,0,0,1,0,2,2,18,1,0,1,3
swift,29,7,12,10,11,27,100,30,48,83,44
rush limbaugh,0,0,0,0,0,1,0,0,0,0,0
old greg,0,0,0,0,0,1,0,0,0,0,0
ben lovett,0,0,0,0,0,0,1,0,0,0,1
trey songz,0,1,0,0,2,0,0,2,0,0,0
house,3,1,1,2,18,5,7,2,4,1,5
yesssss frank,0,1,0,0,0,0,0,0,0,0,0
springsteen,0,1,4,1,1,0,1,1,0,0,1
marcus mumford,0,0,1,0,0,0,0,0,0,5,1
moonshine,0,0,0,0,0,1,0,0,0,0,0
tt,89,100,109,106,121,108,129,96,97,136,125
lena,1,1,1,2,4,3,0,13,2,1,3
joan rivers,0,0,0,1,0,0,0,0,1,0,0
diamond,0,0,0,3,1,2,0,1,0,0,1
caspar smart,0,1,0,0,0,0,0,0,0,0,0
spotco,1,0,0,0,0,0,0,0,0,0,0
christopher dorner,0,0,0,0,0,0,0,0,0,1,0
rap/r,0,0,0,0,0,0,0,1,0,0,0
nates highwaters,0,0,0,0,0,0,0,1,0,0,0
barney stinson,1,0,0,0,0,0,0,0,0,0,0
moss,0,0,0,1,0,0,0,0,0,0,0
hunter,2,1,1,2,0,35,22,117,13,8,5
hank hill,0,0,0,0,1,0,0,0,0,0,0
jazmine sullivan,0,0,0,0,0,1,0,0,0,0,0
ray,1,1,2,4,3,6,4,2,5,3,4
frank black,0,0,0,1,0,0,0,0,0,0,0
sammy,2,0,0,1,0,1,0,0,0,0,0
abc,1,1,0,0,0,0,0,1,0,0,0
twilight,2,1,0,0,0,0,0,2,0,0,1
tl,11,23,23,25,17,19,29,18,25,26,32
death cab,0,1,0,0,0,0,0,0,0,0,0
jack white,2,2,0,10,4,7,93,201,14,17,21
@kelly_clarkson,0,0,2,9,5,7,3,2,0,0,3
alison williams,0,0,0,0,1,0,0,0,0,0,0
yesssssss,0,0,1,1,0,0,1,0,0,0,0
windows 2000,0,0,0,0,0,0,0,0,1,0,0
liberache,0,0,0,0,0,0,0,1,0,0,0
mr . carter,0,0,0,0,0,0,0,0,0,0,0
wiz,3,3,5,8,6,2,8,4,3,2,3
whitney,1,3,1,1,2,0,0,1,3,23,3
dionne bromfield,0,0,0,0,0,1,0,0,0,0,0
neil patric harris,0,0,0,0,0,0,0,0,0,0,0
the manson,0,0,0,0,0,0,0,1,0,0,0
the dream,0,0,0,0,24,3,0,0,1,3,0
ed sherman,0,0,0,0,1,0,0,0,0,0,1
ash,1,8,10,14,9,13,7,16,5,12,12
gtfo,0,0,1,2,0,0,0,1,1,0,2
rock,8,9,17,5,9,7,13,20,0,12,13
carly rae jepsen,0,1,0,1,15,2,2,1,1,0,2
young michael jackson realness,0,0,0,0,0,1,0,0,0,0,0
chuck d,0,0,0,0,0,0,0,0,1,1,21
grammy award,7,6,4,6,7,7,9,6,11,11,4
naomi,0,0,0,0,2,0,0,0,0,1,0
amber,1,3,4,16,6,5,5,6,3,1,1
jack whyte,0,0,0,0,0,0,0,1,0,0,0
justin,369,212,38,22,32,32,26,15,23,54,20
wesley willis,0,0,0,0,0,0,0,0,0,0,1
brittany,0,1,0,0,0,0,0,0,0,26,2
seth macfarlane,0,0,0,0,0,0,1,0,0,0,0
michael buble,0,0,0,0,0,0,0,0,0,1,0
#grammy awards,0,0,0,1,0,1,0,1,0,0,0
jessie j,0,0,0,0,0,0,0,0,0,1,0
loving the grammys,0,0,1,0,0,0,0,0,0,0,0
abby,0,0,6,0,0,1,0,1,0,0,1
atilla,0,0,0,0,0,1,0,0,0,0,0
ryan seacrest,1,0,0,0,0,0,0,0,0,28,0
angie,1,0,0,1,0,0,0,0,0,0,0
randi,0,0,1,0,0,0,1,0,0,0,0
rob,16,14,20,9,12,5,12,8,12,11,6
sannnng kelly,0,0,0,0,1,0,0,0,0,0,0
jake white,0,0,0,0,0,0,0,3,0,0,0
#jack black,0,0,0,0,0,0,0,1,0,0,0
frankie,0,5,0,0,1,0,2,0,2,0,3
mickey baker,0,0,0,0,0,0,0,0,0,1,0
katy,2,4,5,14,15,9,3,158,16,25,21
manti teo,0,0,0,0,0,0,0,0,0,2,0
god bless,0,0,0,0,0,1,0,2,0,0,1
chris lighty,0,0,0,0,0,0,0,0,0,1,0
stephen fry,1,0,0,0,0,0,0,0,0,0,0
omg adam levine,0,0,2,1,0,0,0,0,0,0,0
adam lavine,0,0,1,0,0,0,0,0,0,0,1
melissa etheridge,0,0,0,0,0,0,4,0,0,0,0
steven spielberg,0,0,0,0,0,0,0,0,0,1,0
justin .,1,0,0,0,0,0,0,0,0,0,0
"rockin', rihanna",0,0,0,0,0,0,1,0,0,0,0
stumps cleavage,0,0,0,0,0,0,1,0,4,2,0
selena,0,1,1,1,0,1,0,0,0,0,0
karma,0,2,0,0,0,0,0,0,0,1,0
alicia keyes,0,0,5,2,0,0,0,1,0,0,0
yaaaas kelly,0,1,0,0,0,0,0,0,0,0,0
willow smith,0,0,0,0,0,0,0,0,0,1,0
b'ham al,0,0,1,0,0,0,0,0,0,0,0
katie perry,0,0,0,0,0,0,0,4,1,0,1
kat dennings,0,0,0,0,13,0,0,0,2,0,0
justin timberlakes,2,1,0,0,0,0,0,0,0,0,0
camel dick,0,0,0,0,0,0,0,0,0,1,0
bob marl,15,13,3,8,20,114,237,19,8,22,21
robert downey junior,1,0,0,0,0,0,0,0,0,0,0
antonio cromartie,1,0,0,0,0,0,0,0,0,0,0
loretta lynn,0,0,0,0,0,0,1,1,0,0,0
loving justin,0,2,0,1,0,0,0,0,0,0,0
"justin	justin",0,0,0,0,0,0,0,0,0,0,0
jt,165,138,29,11,9,19,6,2,8,21,5
grammys high,0,0,0,0,0,1,1,0,0,0,0
natalie portman,1,0,0,0,0,0,0,0,0,0,0
rip bob,0,0,0,0,0,0,1,0,0,0,1
emily,0,0,0,1,0,0,0,1,0,0,0
jay-z dat,0,0,0,0,1,0,0,0,0,0,0
aw the grammys,0,0,0,0,0,0,0,0,0,1,0
newschannel5,1,0,0,0,0,0,0,0,0,0,0
ray parker jr,0,0,1,0,0,0,0,0,0,0,0
nada impactante,0,0,0,0,1,0,0,0,0,0,0
tony montana,0,0,0,0,0,1,0,0,0,0,0
janelle,0,1,1,0,1,0,1,1,4,2,2
bob marly,0,0,0,0,1,0,2,0,0,0,0
patrick carney,0,0,0,0,2,0,0,0,0,0,0
megan,0,0,0,1,0,0,0,0,0,1,0
wilmer valderrama,0,0,0,0,0,1,0,0,0,0,0
mitch lucker,0,0,1,0,0,0,0,0,1,3,1
green day,0,0,0,0,1,0,0,0,0,0,0
uhmmm,0,0,0,0,0,0,1,0,0,0,0
rcaa president,0,0,0,0,0,0,0,0,0,1,0
chris breezy,0,1,1,0,0,0,0,0,0,0,0
marshall,0,0,0,0,0,0,0,0,0,1,0
nada,0,0,0,0,2,0,1,1,1,0,1
elvis,0,0,0,0,0,1,1,3,1,0,0
grammy,975,976,976,976,976,975,976,976,976,976,976
does jay-z,0,0,0,0,1,0,1,0,0,0,0
dalton,1,0,0,0,0,0,0,0,0,0,0
meta,0,2,1,0,0,1,0,0,0,0,1
dave grohl,2,0,25,4,2,0,1,0,0,1,2
marley all-star,0,0,0,0,0,0,1,0,0,0,0
alicia key,1,1,236,48,15,5,5,13,2,3,5
clements,0,0,0,0,0,1,0,0,0,0,0
t-rex,0,0,0,0,0,0,1,0,0,0,0
rocco,0,0,0,0,0,0,0,0,0,0,1
walkin,10,5,10,7,6,4,3,7,5,3,3
bob halogram,0,0,0,0,0,0,1,0,0,0,0
grammys,833,746,791,802,804,808,826,830,817,805,802
walmart,0,0,0,0,1,1,0,0,0,0,0
taylor cunty swift,0,0,0,0,0,0,0,1,0,0,0
flo rida,0,0,0,0,3,0,2,2,0,0,0
sean parker,1,0,0,0,0,0,0,0,0,0,0
nelson mandela,0,0,0,0,0,0,0,0,0,1,0
rohan marley,0,0,0,0,0,0,1,0,0,0,0
congrats mumford,0,0,0,0,0,0,0,0,0,0,1
brad pitt,0,0,0,0,0,0,0,0,0,0,1
j-lo,0,1,1,0,1,0,1,0,0,1,0
unfuckingbelievable,0,0,0,0,0,0,1,0,0,0,0
urban contemporary,0,9,1,0,1,0,0,0,0,0,1
carry underwood,0,0,0,0,0,0,0,0,2,0,0
staplecenter,0,0,0,0,0,0,1,0,0,0,0
daisy,0,0,0,0,0,0,1,0,0,1,1
mississippi,0,0,0,0,0,0,0,1,0,0,0
marty,0,0,0,0,0,0,0,0,0,1,0
jaden,1,0,0,0,0,0,0,0,0,0,0
joe flacco,0,0,0,0,0,0,0,1,0,0,0
revenge,0,0,0,0,2,0,2,0,0,1,0
mayvis staples,0,0,0,0,0,0,0,0,0,1,0
momma ocean,0,0,0,0,0,0,0,0,0,1,0
crystal gayle,0,0,0,0,0,0,1,0,0,0,0
angelina,0,1,1,1,1,0,1,0,1,0,2
alice,0,0,0,0,0,1,0,0,0,3,1
justin ta chamando,0,0,0,0,1,0,0,0,0,0,0
brittney,2,0,0,0,0,0,0,0,0,1,0
marley,16,14,5,10,23,128,315,25,8,24,28
lecrae,0,0,1,1,2,0,0,0,0,0,1
kat denning,0,0,0,0,13,1,0,0,2,0,0
#black keys,0,0,0,0,1,0,0,0,0,0,0
jr,2,0,2,1,1,1,4,1,0,1,0
frank oceaaaaan,0,0,0,0,0,0,0,0,0,0,1
young scooter,0,0,0,0,0,0,0,0,0,1,0
cam newton,0,0,0,0,0,0,1,0,0,0,0
bobby brown,1,0,0,0,0,1,0,0,0,0,0
olivia,0,0,0,0,1,0,0,1,1,0,1
alecia,0,0,1,1,0,0,0,1,0,0,0
bob babbitt,0,0,0,0,0,0,0,0,0,1,0
kelly clarkaon,0,0,0,1,0,0,0,0,0,0,0
rih,12,14,13,278,139,39,100,20,25,21,27
davy jones,0,0,0,0,0,0,0,0,0,2,0
urban,0,15,12,3,1,0,0,2,0,0,4
jennifer,0,2,1,1,0,2,4,0,5,3,10
faith,2,0,1,1,1,0,1,2,0,0,0
charlie,1,0,0,0,1,0,0,0,1,2,0
@rihanna,2,1,1,5,7,2,9,3,3,0,2
downton,3,0,0,0,0,0,0,0,1,3,1
faith hill,0,0,1,0,0,0,1,1,0,0,0
frankie ocean,0,1,0,0,1,0,0,0,0,0,1
willam belli,0,0,1,0,0,0,0,0,0,0,0
latin,0,2,4,2,0,0,0,1,2,8,5
dietrich fischer-dieskau,0,0,0,0,0,0,0,0,0,1,0
kevin hart,0,1,1,0,0,1,0,0,0,0,0
taylor,32,9,15,15,16,33,101,34,59,94,47
the jayz,1,0,0,0,0,0,0,0,0,0,0
congrats frank,0,2,1,1,1,0,0,0,0,0,0
wtf kanye,0,0,0,0,1,0,0,0,0,0,0
a rihanna,0,0,0,3,2,0,1,0,0,0,0
dear frank,0,0,1,0,0,0,0,0,0,0,1
justin timberlakeeee,1,0,0,0,0,0,0,0,0,0,0
carrie underwood's.,0,0,0,0,0,0,0,0,1,0,0
boston,0,0,1,0,0,0,1,0,0,1,0
stephen fucking foster,1,0,0,0,0,0,0,0,0,0,0
devin,0,1,0,0,1,0,2,0,0,0,0
sim gaind,0,0,0,0,1,0,0,0,0,0,0
clinton,0,0,0,0,4,0,0,0,1,2,2
rachmaninoff,0,0,0,0,0,0,0,0,0,1,0
chris dorner,0,0,0,0,0,0,0,0,0,1,0
george &amp; phaedra,0,0,0,0,0,0,1,0,0,0,0
jamaica,0,0,0,0,0,2,8,0,0,0,0
marvin hamlisch,0,0,0,0,0,0,0,0,0,2,0
graham,1,0,1,0,0,0,0,0,1,0,0
judge verna,0,0,0,0,0,0,0,0,0,1,0
bieber,8,4,5,4,12,7,11,11,5,7,4
e,917,943,958,925,945,918,952,970,971,950,953
flavor flav,1,0,0,0,0,0,0,0,0,0,0
spurs vs nets,0,0,0,0,0,0,1,0,0,0,0
ted danson,0,0,1,0,0,0,0,0,0,0,0
the moon,0,0,0,0,0,3,0,0,0,0,1
pope,0,0,0,0,1,0,0,0,1,0,0
wow adam levine,0,0,1,1,0,0,0,0,0,0,0
#adele,0,0,1,1,2,0,1,0,0,0,4
sheila e,0,0,4,0,0,0,0,1,0,0,0
kaley cuoco,0,0,7,0,0,0,0,0,2,0,0
elmo,1,0,0,0,0,1,0,0,0,0,0
yessssss bob marley,0,0,0,0,0,1,0,0,0,0,0
england,0,0,0,0,0,2,0,0,0,0,1
ll..,1,1,2,2,1,1,0,2,2,0,2
robert nesta marley,0,0,0,0,0,0,2,0,0,0,0
#memphis,2,1,0,0,1,0,0,0,0,0,0
bridgit mendler,0,0,0,0,0,1,0,0,0,0,0
lou bega,0,0,0,0,0,0,0,1,0,0,0
gotye and kimbra,0,0,0,0,0,0,0,0,12,2,0
busta rhymes,0,0,0,0,0,0,0,0,0,1,0
jack,6,9,3,13,8,17,100,221,18,27,26
tswift,2,1,1,0,0,0,2,0,0,0,0
chloe,0,0,0,0,1,0,0,0,0,0,0
gawwwwd justin,1,0,0,0,0,0,0,0,0,0,0
nate ruess,0,0,0,0,2,0,0,0,0,0,2
haley,0,0,0,0,0,0,0,1,0,0,0
congrats gotye,0,0,0,0,0,0,0,0,1,0,0
molly,0,0,0,1,2,0,2,0,1,0,0
loving adam levine,0,0,2,0,0,0,0,0,0,0,0
queen latifa,0,0,0,0,1,0,0,0,0,0,0
marvin gaye/bob marley,0,1,0,0,0,0,0,0,0,0,0
lena durnam,0,0,0,0,0,0,0,1,0,0,0
madonna,1,0,0,0,0,0,0,1,0,0,0
helen mirren,0,0,0,0,0,0,0,0,0,0,1
angelo,1,0,0,0,0,0,1,0,1,1,0
robbie williams,0,0,1,0,0,0,0,0,0,0,0
hispanic helen,0,0,0,0,0,0,0,0,0,0,2
random,0,1,1,1,1,2,0,0,0,0,1
tokyo,0,0,0,0,0,0,1,0,0,0,0
eric church,0,1,0,0,0,2,0,0,0,0,0
langhorne slim,0,0,0,0,0,0,0,1,0,0,0
dierks bentley,1,1,0,4,1,0,1,0,0,1,0
mama,0,1,2,0,0,1,1,0,2,1,2
brittany howard,0,0,0,0,0,0,0,0,0,17,1
dave brubeck,0,0,0,0,0,0,0,1,0,18,1
memoriam,0,0,0,0,0,0,0,0,1,3,1
billy,0,0,2,0,0,0,0,1,0,1,4
indian,0,0,0,0,4,0,1,0,0,1,0
lupe,0,2,1,0,0,0,1,0,1,0,0
eddie george,0,0,0,0,0,0,1,0,0,0,0
raven,1,1,0,0,0,0,0,0,1,0,0
j.lo,1,1,2,0,1,0,1,1,0,0,1
guess drake,0,0,0,0,1,0,0,0,0,0,0
yessss maroon,0,0,1,0,0,0,0,0,0,0,0
ja,137,57,26,30,176,62,137,234,41,68,45
brooke,0,1,0,0,1,0,0,0,0,0,0
tina fey,0,0,0,0,0,0,0,0,0,1,0
j timberlake,0,1,0,0,0,0,0,0,0,0,0
kelly rowland,0,69,10,3,3,0,2,3,2,1,3
kanye west,0,1,0,0,13,1,0,1,4,2,2
sting and bruno,0,0,0,0,0,12,3,0,0,1,1
lil kim,0,0,0,0,0,0,0,0,1,0,0
katy perry's,0,2,0,3,3,1,0,46,5,7,5
iup,0,0,0,0,0,0,0,0,0,0,1
mj,0,3,1,4,2,4,4,1,0,0,1
william hung,0,0,0,0,0,1,0,0,0,0,0
hilary duff,1,0,0,0,0,0,0,0,0,0,0
brent mussberger,0,0,0,0,0,0,0,0,0,0,1
donna summer,0,0,0,0,0,0,0,0,0,5,0
idc,0,0,0,0,0,0,2,1,0,0,1
"sheldon	sheldon",0,0,0,0,0,0,0,0,0,0,0
josh fucking ramsay,0,0,0,1,0,0,0,0,0,0,0
ab,64,59,74,75,65,69,53,63,43,88,82
martin,1,0,4,0,0,0,3,1,0,1,1
ryan c-crest,0,0,0,0,0,1,0,0,0,0,0
lenny kravitz,0,0,0,0,0,0,0,0,0,1,1
coxienda,0,0,0,0,0,0,1,0,0,0,0
rhianna,2,0,0,20,9,6,12,1,2,1,2
#NAME?,0,0,0,0,0,0,0,1,0,0,0
golf boys,0,0,0,0,0,0,0,0,0,1,0
illuminati biotch,0,0,1,0,0,0,0,0,0,0,0
justin t,261,151,24,13,16,17,12,3,13,35,11
jessica biel,4,13,1,0,0,0,1,0,0,0,2
afrika bambaataa,0,0,0,0,1,0,0,0,0,0,0
anthony ks,0,0,0,0,0,0,0,1,0,0,0
john,23,17,12,23,79,18,18,15,12,93,55
maya angelou,0,0,0,0,0,0,0,0,0,1,0
boo,2,6,7,7,18,3,8,41,7,8,9
adam lambert,0,0,2,1,1,0,0,1,0,0,1
mac miller,0,0,0,0,0,0,0,0,1,0,0
bruno,17,14,4,10,10,254,123,13,6,19,15
nasir jones,0,1,0,0,0,0,0,0,0,0,0
ahhhh,4,4,2,4,2,6,0,3,4,2,0
saaannng kelly,0,0,0,0,1,0,0,0,0,0,0
tweet,9,5,8,11,9,10,10,8,8,10,5
frank ocean/billy ocean,0,0,1,0,0,0,0,0,0,0,0
tony,0,2,0,2,0,1,0,1,2,1,0
tennessee jed,0,0,0,0,0,0,0,1,0,0,0
repugs,0,0,0,0,1,0,0,0,0,0,0
dear kelly,0,0,0,0,0,1,0,0,0,0,0
kelly clarkson photobomb,0,0,0,0,0,0,0,0,0,2,1
cole,1,3,3,3,3,5,6,6,4,2,10
james,2,1,1,0,0,3,2,0,3,6,4
cmon,0,1,0,0,0,1,1,1,0,0,1
mr . levine,0,0,0,0,0,0,0,0,0,0,0
cole kanye,0,0,0,0,0,0,0,0,0,0,1
debby boone,0,0,0,0,0,0,0,1,0,0,0
snape,0,1,0,1,2,0,4,4,0,1,1
jay,121,36,13,8,152,19,10,3,12,12,5
ziggy marley,0,0,1,0,1,3,9,0,0,0,1
mccartneyless grammys,0,0,0,0,0,0,0,1,0,0,0
hunter hayes,2,1,1,1,0,31,21,112,10,8,4
ronald reagan,0,0,0,1,0,0,0,0,0,0,0
addie,0,1,0,0,2,0,0,0,0,0,1
rantoul,0,0,0,0,0,0,0,0,1,0,0
jackie wade,0,0,0,0,0,1,0,0,0,0,0
taylor swifts,2,0,0,0,1,0,2,0,1,4,1
damion,0,0,0,0,0,0,2,0,0,0,0
mavis staples,0,0,0,0,0,0,0,0,0,43,2
congratulations,1,2,1,0,0,0,1,0,1,1,4
bob marley,15,13,3,8,19,114,235,19,7,22,21
dicks,0,0,0,0,0,0,0,0,1,0,0
jenny,0,1,0,0,0,0,0,0,1,9,1
black,21,5,25,11,42,14,6,12,11,8,9
sean paul,0,0,0,1,0,0,1,0,1,0,0
kelly #grammys,0,1,1,2,4,2,0,0,0,0,0
congrats,2,8,7,19,6,6,2,5,6,0,4
@lecrae,0,0,1,1,1,0,0,0,0,0,0
chile,0,0,0,0,0,0,0,0,1,0,0
victoria grayson,0,0,0,0,0,0,0,0,0,1,0
@rico_meche,0,0,0,0,1,0,0,0,0,0,0
crib,0,0,0,1,1,1,0,0,0,0,0
patti page,0,0,0,0,5,1,1,0,0,0,0
is rayna james,0,0,0,0,0,1,0,0,0,0,0
adam levin,3,4,147,26,6,5,2,7,1,2,2
alert*,0,0,0,0,0,1,0,0,0,0,0
miranda,0,4,2,19,9,10,2,5,4,2,0
pauly shore,0,0,0,0,0,0,0,0,0,0,1
nph,0,0,1,2,0,7,3,0,1,0,0
boss,3,2,2,2,10,2,0,3,2,5,3
ray lewis,0,0,0,0,2,1,0,0,0,0,0
channel orange,0,8,3,0,0,0,0,0,0,0,0
porter wagner,0,0,0,0,0,0,0,2,0,1,0
al stewart,0,0,0,0,0,0,0,0,0,1,0
jenna jameson,0,0,0,0,0,0,0,0,0,3,0
wendy,1,1,0,0,0,0,0,0,0,0,1
love black keys,0,0,1,0,0,0,0,0,0,0,0
lynda veech,0,0,0,0,0,0,0,0,0,1,0
riff rafff,0,0,0,1,0,0,0,0,0,0,0
zach braff,0,0,0,0,0,3,0,0,0,0,0
grammyapocalypse,0,0,0,0,1,1,0,0,0,0,0
owen hart,0,0,0,0,1,0,0,0,0,0,0
ronnie,0,1,0,0,0,0,1,0,0,0,0
damien marley,0,0,0,0,0,0,3,0,0,0,1
joffrey baratheon,0,0,0,0,0,0,0,2,0,0,0
aila,1,0,0,0,0,1,1,1,0,0,0
sting,4,3,5,3,7,72,60,3,6,15,13
@nas,0,1,0,0,1,0,0,0,0,0,0
j'etai,0,0,0,0,0,1,0,0,0,0,0
nick bass,0,1,0,0,0,0,0,0,0,0,0
bradshaw,0,0,0,0,0,0,0,0,0,1,0
#ellen,3,0,0,0,0,0,0,0,0,0,0
"jay	i",0,0,0,0,0,0,0,0,0,0,0
meg white,0,0,0,0,0,0,0,1,0,0,0
al roker,0,1,0,0,0,0,0,0,0,0,0
abbie,0,0,0,0,0,0,1,0,0,0,0
shakira,0,0,0,1,0,0,0,0,0,0,0
gucci,0,2,0,0,1,1,1,0,1,1,0
god,12,4,10,3,11,6,2,16,10,10,12
crossing,0,0,1,0,0,0,0,0,0,0,0
black keys +,0,0,0,0,1,0,0,0,0,0,0
solange,1,0,5,0,1,0,2,0,1,1,0
bob marley-,0,0,0,0,0,1,0,0,0,0,0
vanilla ice,1,1,0,0,1,1,0,0,0,0,0
sinclair broadcasting,0,0,0,0,0,0,0,0,0,1,0
baby,7,8,8,6,0,9,4,1,4,4,6
#lumineers,0,0,0,0,0,0,4,1,0,0,0
bob,18,13,5,9,22,122,259,21,9,26,24
david beckham,1,0,0,0,0,0,0,0,0,0,0
the king,0,0,0,1,0,1,1,0,1,0,0
florida,0,1,0,0,1,0,0,0,0,0,0
wwe,0,0,0,0,0,0,2,0,0,3,0
levon helms,0,0,0,0,0,0,1,0,0,3,0
jennifer lopez,0,2,1,1,0,2,2,0,5,3,10
paul mccartney,0,0,0,1,0,0,0,0,0,1,0
gary tanguay,0,1,0,0,0,0,0,0,0,0,0
jolo,0,0,0,0,0,0,0,0,0,0,1
bobmarley,2,0,0,0,1,5,23,1,0,0,3
kimba,0,0,0,0,0,0,0,0,2,0,0
jenni,0,2,2,1,0,2,4,0,6,25,11
dang jt,0,0,1,0,0,0,0,0,0,0,0
rocky,0,0,0,0,0,0,0,1,0,0,0
nas,2,16,3,3,14,17,6,2,1,3,2
lana del rey,0,0,0,0,0,0,0,1,0,1,1
sweet mint,0,0,0,0,0,0,0,1,0,0,0
alexander skarsgard,0,0,0,0,0,0,1,0,0,0,0
grey,0,0,0,0,0,0,0,1,1,1,0
duck dynasty,0,0,0,0,0,5,0,0,0,0,0
mtv,0,1,1,2,2,1,0,0,0,0,0
yo pitbull,0,0,1,0,0,0,0,0,0,0,0
"rihanna	rihanna",0,0,0,0,0,0,0,0,0,0,0
alabama,0,0,5,2,0,1,1,4,0,31,2
love kelly_clarkson,0,0,0,0,0,0,0,1,0,0,0
alexis,0,0,0,0,0,0,1,0,0,0,0
carrie givesmewood,1,0,0,0,0,0,0,0,0,0,0
daryl,1,0,1,0,0,1,0,0,0,0,0
donald trump,0,0,0,0,0,0,0,0,0,0,1
florence,2,1,14,22,0,1,0,1,2,0,0
travis parker,0,0,0,0,0,0,0,0,0,0,1
beyonce/jay z,0,0,0,0,1,0,0,0,0,0,0
davy,0,0,0,0,0,0,0,0,0,3,0
benny,0,0,0,0,0,0,0,0,0,0,1
c'mon brittney,0,0,0,0,0,0,0,0,0,1,0
carly rae jepson,0,0,1,0,1,1,0,0,1,0,1
melissa ethridge,0,0,0,0,0,0,2,0,0,0,1
stitch,1,0,0,0,0,0,0,0,0,0,0
florence welch,1,0,1,3,0,0,0,0,1,0,0
frank,2,221,53,24,57,21,18,47,29,17,209
preservation hall,0,0,0,0,9,1,1,0,0,1,0
jova,0,0,0,0,1,0,0,0,0,0,0
pda,0,0,3,1,1,0,0,3,0,0,0
hopsin,0,0,0,0,0,0,0,0,0,1,0
benedict canyon,0,0,0,0,0,0,0,0,0,0,1
jazspects,0,0,0,0,1,0,0,0,0,0,0
